party_id,time,level,job,spec,map,date,valid,valid_spec
0,오후 3:40,,썬콜,,불어전,2024-12-07,True,False
0,오후 3:40,,프리스트,,불어전,2024-12-07,True,False
0,오후 3:40,,썬콜,,불어전,2024-12-07,True,False
0,오후 3:40,,프리스트,,불어전,2024-12-07,True,False
0,오후 3:40,,프리스트,,불어전,2024-12-07,True,False
1,오후 3:40,,썬콜,,불어전,2024-12-07,True,False
1,오후 3:40,,프리스트,,불어전,2024-12-07,True,False
1,오후 3:40,,썬콜,,불어전,2024-12-07,True,False
1,오후 3:40,,프리스트,,불어전,2024-12-07,True,False
1,오후 3:40,,프리스트,,불어전,2024-12-07,True,False
4,오후 3:30,,허밋,,붉켄,2024-12-07,True,False
4,오후 3:30,,썬콜,,붉켄,2024-12-07,True,False
4,오후 3:30,,썬콜,,붉켄,2024-12-07,True,False
6,오후 3:31,,레인저,2950,오징어,2024-12-07,True,False
6,오후 3:31,132,크루세이더,3696,오징어,2024-12-07,True,True
6,오후 3:31,132,허밋,2096,오징어,2024-12-07,True,True
6,오후 3:31,117,허밋,2300,오징어,2024-12-07,True,True
6,오후 3:31,127,프리스트,,오징어,2024-12-07,True,False
7,오후 3:31,,저격수,,듀파,2024-12-07,True,False
7,오후 3:31,101,크루세이더,,듀파,2024-12-07,True,False
7,오후 3:31,83,허밋,,듀파,2024-12-07,True,False
7,오후 3:31,83,용기사,,듀파,2024-12-07,True,False
7,오후 3:31,96,프리스트,,듀파,2024-12-07,True,False
10,오후 3:31,83,크루세이더,,망둥어,2024-12-07,True,False
10,오후 3:31,116,크루세이더,,망둥어,2024-12-07,True,False
10,오후 3:31,133,프리스트,,망둥어,2024-12-07,True,False
11,오후 3:31,,저격수,,망용둥,2024-12-07,True,False
11,오후 3:31,,썬콜,,망용둥,2024-12-07,True,False
11,오후 3:31,125,용기사,,망용둥,2024-12-07,True,False
11,오후 3:31,125,허밋,,망용둥,2024-12-07,True,False
11,오후 3:31,125,허밋,,망용둥,2024-12-07,True,False
12,오후 3:31,,허밋,,위용둥,2024-12-07,True,False
12,오후 3:31,,허밋,,위용둥,2024-12-07,True,False
12,오후 3:31,,허밋,,위용둥,2024-12-07,True,False
12,오후 3:31,,프리스트,,위용둥,2024-12-07,True,False
15,오후 3:31,,썬콜,,불어전,2024-12-07,True,False
15,오후 3:31,,프리스트,,불어전,2024-12-07,True,False
15,오후 3:31,,허밋,,불어전,2024-12-07,True,False
15,오후 3:31,,허밋,,불어전,2024-12-07,True,False
15,오후 3:31,,프리스트,,불어전,2024-12-07,True,False
16,오후 3:31,,레인저,,듀파,2024-12-07,True,False
16,오후 3:31,,용기사,,듀파,2024-12-07,True,False
16,오후 3:31,,허밋,,듀파,2024-12-07,True,False
16,오후 3:31,101,프리스트,,듀파,2024-12-07,True,False
19,오후 3:31,131,프리스트,815,불어전,2024-12-07,True,True
19,오후 3:31,131,프리스트,815,불어전,2024-12-07,True,True
19,오후 3:31,131,프리스트,,불어전,2024-12-07,True,False
20,오후 3:31,,레인저,,레와둥,2024-12-07,True,False
20,오후 3:31,,나이트,,레와둥,2024-12-07,True,False
20,오후 3:31,112,썬콜,,레와둥,2024-12-07,True,False
20,오후 3:31,138,프리스트,,레와둥,2024-12-07,True,False
22,오후 3:31,,레인저,,레와둥,2024-12-07,True,False
22,오후 3:31,,나이트,,레와둥,2024-12-07,True,False
22,오후 3:31,120,썬콜,,레와둥,2024-12-07,True,False
22,오후 3:31,127,프리스트,,레와둥,2024-12-07,True,False
27,오후 3:32,,레인저,2450,듀파,2024-12-07,True,False
27,오후 3:32,,허밋,2800,듀파,2024-12-07,True,False
27,오후 3:32,,나이트,2800,듀파,2024-12-07,True,False
27,오후 3:32,,나이트,,듀파,2024-12-07,True,False
27,오후 3:32,84,프리스트,,듀파,2024-12-07,True,False
32,오후 3:32,130,레인저,3250,망둥어,2024-12-07,True,True
32,오후 3:32,137,프리스트,,망둥어,2024-12-07,True,False
33,오후 3:32,,썬콜,,불어전,2024-12-07,True,False
33,오후 3:32,113,프리스트,,불어전,2024-12-07,True,False
33,오후 3:32,113,썬콜,,불어전,2024-12-07,True,False
33,오후 3:32,113,프리스트,,불어전,2024-12-07,True,False
34,오후 3:32,,허밋,,붉켄,2024-12-07,True,False
34,오후 3:32,,저격수,,붉켄,2024-12-07,True,False
34,오후 3:32,104,프리스트,,붉켄,2024-12-07,True,False
34,오후 3:32,104,썬콜,,붉켄,2024-12-07,True,False
35,오후 3:32,,용기사,4152,오징어,2024-12-07,True,False
35,오후 3:32,122,크루세이더,3750,오징어,2024-12-07,True,True
35,오후 3:32,119,허밋,1900,오징어,2024-12-07,True,True
35,오후 3:32,103,허밋,2276,오징어,2024-12-07,True,True
42,오후 3:32,,레인저,,레와둥,2024-12-07,True,False
42,오후 3:32,,저격수,,레와둥,2024-12-07,True,False
42,오후 3:32,,나이트,,레와둥,2024-12-07,True,False
44,오후 3:32,,허밋,2220,푸켄,2024-12-07,True,False
44,오후 3:32,,허밋,2220,푸켄,2024-12-07,True,False
44,오후 3:32,,허밋,2220,푸켄,2024-12-07,True,False
46,오후 3:32,,썬콜,,불어전,2024-12-07,True,False
46,오후 3:32,,프리스트,,불어전,2024-12-07,True,False
46,오후 3:32,,허밋,,불어전,2024-12-07,True,False
46,오후 3:32,,썬콜,,불어전,2024-12-07,True,False
46,오후 3:32,,프리스트,,불어전,2024-12-07,True,False
47,오후 3:32,,레인저,2750,오징어,2024-12-07,True,False
47,오후 3:32,101,레인저,2350,오징어,2024-12-07,True,True
47,오후 3:32,108,레인저,2450,오징어,2024-12-07,True,True
47,오후 3:32,111,허밋,1800,오징어,2024-12-07,True,True
49,오후 3:32,,허밋,,듀파,2024-12-07,True,False
49,오후 3:32,,크루세이더,,듀파,2024-12-07,True,False
50,오후 3:32,,허밋,,협동,2024-12-07,True,False
50,오후 3:32,,썬콜,,협동,2024-12-07,True,False
50,오후 3:32,,불독,,협동,2024-12-07,True,False
52,오후 3:33,,레인저,,듀파,2024-12-07,True,False
52,오후 3:33,104,크루세이더,,듀파,2024-12-07,True,False
52,오후 3:33,98,나이트,,듀파,2024-12-07,True,False
52,오후 3:33,105,프리스트,,듀파,2024-12-07,True,False
53,오후 3:33,,레인저,,레와둥,2024-12-07,True,False
53,오후 3:33,,나이트,,레와둥,2024-12-07,True,False
53,오후 3:33,120,썬콜,,레와둥,2024-12-07,True,False
53,오후 3:33,127,프리스트,,레와둥,2024-12-07,True,False
54,오후 3:37,,허밋,2220,푸켄,2024-12-07,True,False
54,오후 3:37,,허밋,2220,푸켄,2024-12-07,True,False
54,오후 3:37,,허밋,2220,푸켄,2024-12-07,True,False
57,오후 3:37,,썬콜,,불어전,2024-12-07,True,False
57,오후 3:37,,프리스트,,불어전,2024-12-07,True,False
57,오후 3:37,,썬콜,,불어전,2024-12-07,True,False
57,오후 3:37,,프리스트,,불어전,2024-12-07,True,False
57,오후 3:37,,프리스트,,불어전,2024-12-07,True,False
59,오후 3:37,130,레인저,3250,망둥어,2024-12-07,True,True
59,오후 3:37,137,프리스트,,망둥어,2024-12-07,True,False
60,오후 3:37,,크루세이더,2620,오징어,2024-12-07,True,False
60,오후 3:37,,레인저,2620,오징어,2024-12-07,True,False
60,오후 3:37,120,허밋,2030,오징어,2024-12-07,True,True
62,오후 3:37,,프리스트,,불어전,2024-12-07,True,False
62,오후 3:37,135,프리스트,,불어전,2024-12-07,True,False
62,오후 3:37,135,프리스트,,불어전,2024-12-07,True,False
62,오후 3:37,135,프리스트,,불어전,2024-12-07,True,False
62,오후 3:37,135,프리스트,,불어전,2024-12-07,True,False
66,오후 3:38,,저격수,,망둥어,2024-12-07,True,False
66,오후 3:38,127,레인저,,망둥어,2024-12-07,True,False
66,오후 3:38,118,크루세이더,,망둥어,2024-12-07,True,False
67,오후 3:38,,허밋,,협동,2024-12-07,True,False
67,오후 3:38,,썬콜,,협동,2024-12-07,True,False
67,오후 3:38,,불독,,협동,2024-12-07,True,False
68,오후 3:38,,썬콜,,불어전,2024-12-07,True,False
68,오후 3:38,,프리스트,,불어전,2024-12-07,True,False
68,오후 3:38,,프리스트,,불어전,2024-12-07,True,False
71,오후 3:38,,용기사,,골짜기,2024-12-07,True,False
71,오후 3:38,,허밋,,골짜기,2024-12-07,True,False
71,오후 3:38,,썬콜,,골짜기,2024-12-07,True,False
71,오후 3:38,110,허밋,,골짜기,2024-12-07,True,False
72,오후 3:38,,용기사,,골짜기,2024-12-07,True,False
72,오후 3:38,,허밋,,골짜기,2024-12-07,True,False
72,오후 3:38,,썬콜,,골짜기,2024-12-07,True,False
72,오후 3:38,110,허밋,,골짜기,2024-12-07,True,False
76,오후 3:38,,크루세이더,,오징어,2024-12-07,True,False
76,오후 3:38,126,용기사,,오징어,2024-12-07,True,False
76,오후 3:38,127,프리스트,,오징어,2024-12-07,True,False
77,오후 3:38,,허밋,,위용둥,2024-12-07,True,False
77,오후 3:38,162,레인저,,위용둥,2024-12-07,True,False
77,오후 3:38,158,크루세이더,,위용둥,2024-12-07,True,False
77,오후 3:38,161,크루세이더,,위용둥,2024-12-07,True,False
78,오후 3:38,,썬콜,,불어전,2024-12-07,True,False
78,오후 3:38,,프리스트,,불어전,2024-12-07,True,False
78,오후 3:38,,허밋,,불어전,2024-12-07,True,False
78,오후 3:38,,썬콜,,불어전,2024-12-07,True,False
78,오후 3:38,,프리스트,,불어전,2024-12-07,True,False
80,오후 3:38,,크루세이더,,협동,2024-12-07,True,False
80,오후 3:38,128,썬콜,,협동,2024-12-07,True,False
80,오후 3:38,128,레인저,,협동,2024-12-07,True,False
85,오후 3:38,,허밋,,듀파,2024-12-07,True,False
85,오후 3:38,,크루세이더,,듀파,2024-12-07,True,False
85,오후 3:38,,크루세이더,,듀파,2024-12-07,True,False
92,오후 3:39,,허밋,,듀파,2024-12-07,True,False
92,오후 3:39,,크루세이더,,듀파,2024-12-07,True,False
92,오후 3:39,,크루세이더,,듀파,2024-12-07,True,False
93,오후 3:39,,레인저,,듀파,2024-12-07,True,False
93,오후 3:39,104,크루세이더,,듀파,2024-12-07,True,False
93,오후 3:39,98,나이트,,듀파,2024-12-07,True,False
93,오후 3:39,105,프리스트,,듀파,2024-12-07,True,False
94,오후 3:39,,레인저,,망용둥,2024-12-07,True,False
94,오후 3:39,,레인저,,망용둥,2024-12-07,True,False
94,오후 3:39,,저격수,,망용둥,2024-12-07,True,False
94,오후 3:39,,프리스트,,망용둥,2024-12-07,True,False
95,오후 3:39,,레인저,,레와둥,2024-12-07,True,False
95,오후 3:39,,썬콜,,레와둥,2024-12-07,True,False
95,오후 3:39,104,썬콜,,레와둥,2024-12-07,True,False
95,오후 3:39,129,나이트,,레와둥,2024-12-07,True,False
96,오후 3:39,,썬콜,,불어전,2024-12-07,True,False
96,오후 3:39,,프리스트,,불어전,2024-12-07,True,False
96,오후 3:39,,썬콜,,불어전,2024-12-07,True,False
96,오후 3:39,,프리스트,,불어전,2024-12-07,True,False
96,오후 3:39,,프리스트,,불어전,2024-12-07,True,False
99,오후 3:39,,용기사,,듀파,2024-12-07,True,False
99,오후 3:39,,레인저,,듀파,2024-12-07,True,False
99,오후 3:39,,허밋,,듀파,2024-12-07,True,False
99,오후 3:39,,허밋,,듀파,2024-12-07,True,False
99,오후 3:39,,허밋,,듀파,2024-12-07,True,False
102,오후 3:39,,저격수,,망용둥,2024-12-07,True,False
102,오후 3:39,,썬콜,,망용둥,2024-12-07,True,False
102,오후 3:39,125,용기사,,망용둥,2024-12-07,True,False
102,오후 3:39,125,허밋,,망용둥,2024-12-07,True,False
102,오후 3:39,125,허밋,,망용둥,2024-12-07,True,False
105,오후 3:39,,불독,,와협,2024-12-07,True,False
105,오후 3:39,,용기사,,와협,2024-12-07,True,False
105,오후 3:39,105,저격수,,와협,2024-12-07,True,False
105,오후 3:39,105,프리스트,,와협,2024-12-07,True,False
108,오후 3:39,,썬콜,,불어전,2024-12-07,True,False
108,오후 3:39,,프리스트,,불어전,2024-12-07,True,False
108,오후 3:39,,썬콜,,불어전,2024-12-07,True,False
108,오후 3:39,,프리스트,,불어전,2024-12-07,True,False
108,오후 3:39,,프리스트,,불어전,2024-12-07,True,False
110,오후 3:39,,레인저,,붉켄,2024-12-07,True,False
110,오후 3:39,,레인저,,붉켄,2024-12-07,True,False
110,오후 3:39,,썬콜,,붉켄,2024-12-07,True,False
111,오후 3:39,,용기사,,와협,2024-12-07,True,False
111,오후 3:39,135,레인저,,와협,2024-12-07,True,False
111,오후 3:39,124,저격수,,와협,2024-12-07,True,False
111,오후 3:39,134,프리스트,,와협,2024-12-07,True,False
112,오후 3:39,,레인저,2400,듀파,2024-12-07,True,False
112,오후 3:39,110,크루세이더,3300,듀파,2024-12-07,True,True
112,오후 3:39,102,용기사,,듀파,2024-12-07,True,False
112,오후 3:39,86,용기사,,듀파,2024-12-07,True,False
112,오후 3:39,86,프리스트,,듀파,2024-12-07,True,False
113,오후 3:40,,허밋,,검켄,2024-12-07,True,False
113,오후 3:40,,허밋,,검켄,2024-12-07,True,False
113,오후 3:40,,허밋,,검켄,2024-12-07,True,False
113,오후 3:40,,허밋,,검켄,2024-12-07,True,False
113,오후 3:40,,허밋,,검켄,2024-12-07,True,False
114,오후 3:40,,불독,,협동,2024-12-07,True,False
114,오후 3:40,98,프리스트,,협동,2024-12-07,True,False
115,오후 3:40,,허밋,2220,푸켄,2024-12-07,True,False
115,오후 3:40,,허밋,2220,푸켄,2024-12-07,True,False
115,오후 3:40,,허밋,2220,푸켄,2024-12-07,True,False
117,오후 3:40,,레인저,,듀파,2024-12-07,True,False
117,오후 3:40,101,허밋,,듀파,2024-12-07,True,False
117,오후 3:40,111,크루세이더,,듀파,2024-12-07,True,False
117,오후 3:40,95,용기사,,듀파,2024-12-07,True,False
117,오후 3:40,94,프리스트,,듀파,2024-12-07,True,False
122,오후 3:40,,썬콜,,불어전,2024-12-07,True,False
122,오후 3:40,,프리스트,,불어전,2024-12-07,True,False
122,오후 3:40,,프리스트,,불어전,2024-12-07,True,False
123,오후 3:40,,용기사,,골짜기,2024-12-07,True,False
123,오후 3:40,134,용기사,,골짜기,2024-12-07,True,False
124,오후 3:40,,저격수,,망용둥,2024-12-07,True,False
124,오후 3:40,,썬콜,,망용둥,2024-12-07,True,False
124,오후 3:40,125,용기사,,망용둥,2024-12-07,True,False
124,오후 3:40,125,허밋,,망용둥,2024-12-07,True,False
124,오후 3:40,125,허밋,,망용둥,2024-12-07,True,False
125,오후 3:40,,썬콜,,불어전,2024-12-07,True,False
125,오후 3:40,,프리스트,,불어전,2024-12-07,True,False
125,오후 3:40,,썬콜,,불어전,2024-12-07,True,False
125,오후 3:40,,프리스트,,불어전,2024-12-07,True,False
125,오후 3:40,,프리스트,,불어전,2024-12-07,True,False
126,오후 3:40,,썬콜,,불어전,2024-12-07,True,False
126,오후 3:40,,프리스트,,불어전,2024-12-07,True,False
126,오후 3:40,,썬콜,,불어전,2024-12-07,True,False
126,오후 3:40,,프리스트,,불어전,2024-12-07,True,False
126,오후 3:40,,프리스트,,불어전,2024-12-07,True,False
128,오후 3:40,,저격수,,붉켄,2024-12-07,True,False
128,오후 3:40,,레인저,,붉켄,2024-12-07,True,False
128,오후 3:40,,썬콜,,붉켄,2024-12-07,True,False
128,오후 3:40,,썬콜,,붉켄,2024-12-07,True,False
130,오후 3:40,,허밋,,망용둥,2024-12-07,True,False
130,오후 3:40,112,허밋,,망용둥,2024-12-07,True,False
130,오후 3:40,112,허밋,,망용둥,2024-12-07,True,False
130,오후 3:40,112,허밋,,망용둥,2024-12-07,True,False
133,오후 3:39,,허밋,,협동,2024-12-07,True,False
133,오후 3:39,,썬콜,,협동,2024-12-07,True,False
133,오후 3:39,,불독,,협동,2024-12-07,True,False
134,오후 3:40,,용기사,,골짜기,2024-12-07,True,False
134,오후 3:40,141,썬콜,,골짜기,2024-12-07,True,False
134,오후 3:40,122,크루세이더,,골짜기,2024-12-07,True,False
134,오후 3:40,124,허밋,,골짜기,2024-12-07,True,False
136,오후 3:40,,레인저,,망용둥,2024-12-07,True,False
136,오후 3:40,,레인저,,망용둥,2024-12-07,True,False
136,오후 3:40,,저격수,,망용둥,2024-12-07,True,False
139,오후 3:41,,레인저,,듀파,2024-12-07,True,False
139,오후 3:41,104,용기사,,듀파,2024-12-07,True,False
139,오후 3:41,96,크루세이더,,듀파,2024-12-07,True,False
139,오후 3:41,98,나이트,,듀파,2024-12-07,True,False
139,오후 3:41,105,프리스트,,듀파,2024-12-07,True,False
141,오후 3:41,,레인저,,듀파,2024-12-07,True,False
141,오후 3:41,116,용기사,,듀파,2024-12-07,True,False
141,오후 3:41,108,나이트,,듀파,2024-12-07,True,False
141,오후 3:41,88,크루세이더,,듀파,2024-12-07,True,False
142,오후 3:41,,레인저,2400,듀파,2024-12-07,True,False
142,오후 3:41,110,크루세이더,3300,듀파,2024-12-07,True,True
142,오후 3:41,102,용기사,,듀파,2024-12-07,True,False
142,오후 3:41,86,용기사,,듀파,2024-12-07,True,False
142,오후 3:41,86,프리스트,,듀파,2024-12-07,True,False
144,오후 3:41,,프리스트,,불어전,2024-12-07,True,False
144,오후 3:41,143,프리스트,,불어전,2024-12-07,True,False
144,오후 3:41,143,프리스트,,불어전,2024-12-07,True,False
144,오후 3:41,143,프리스트,,불어전,2024-12-07,True,False
147,오후 3:41,,썬콜,,불어전,2024-12-07,True,False
147,오후 3:41,,프리스트,,불어전,2024-12-07,True,False
147,오후 3:41,,프리스트,,불어전,2024-12-07,True,False
148,오후 3:41,,용기사,,듀파,2024-12-07,True,False
148,오후 3:41,,허밋,,듀파,2024-12-07,True,False
148,오후 3:41,,용기사,,듀파,2024-12-07,True,False
149,오후 3:41,,레인저,2950,오징어,2024-12-07,True,False
149,오후 3:41,132,크루세이더,3696,오징어,2024-12-07,True,True
149,오후 3:41,132,허밋,2096,오징어,2024-12-07,True,True
149,오후 3:41,117,허밋,2300,오징어,2024-12-07,True,True
149,오후 3:41,127,프리스트,,오징어,2024-12-07,True,False
153,오후 3:39,,허밋,,협동,2024-12-07,True,False
153,오후 3:39,,썬콜,,협동,2024-12-07,True,False
153,오후 3:39,,불독,,협동,2024-12-07,True,False
154,오후 3:40,,용기사,,골짜기,2024-12-07,True,False
154,오후 3:40,141,썬콜,,골짜기,2024-12-07,True,False
154,오후 3:40,122,크루세이더,,골짜기,2024-12-07,True,False
154,오후 3:40,124,허밋,,골짜기,2024-12-07,True,False
156,오후 3:40,,레인저,,망용둥,2024-12-07,True,False
156,오후 3:40,,레인저,,망용둥,2024-12-07,True,False
156,오후 3:40,,저격수,,망용둥,2024-12-07,True,False
159,오후 3:41,,레인저,,듀파,2024-12-07,True,False
159,오후 3:41,104,용기사,,듀파,2024-12-07,True,False
159,오후 3:41,96,크루세이더,,듀파,2024-12-07,True,False
159,오후 3:41,98,나이트,,듀파,2024-12-07,True,False
159,오후 3:41,105,프리스트,,듀파,2024-12-07,True,False
161,오후 3:41,,레인저,,듀파,2024-12-07,True,False
161,오후 3:41,116,용기사,,듀파,2024-12-07,True,False
161,오후 3:41,108,나이트,,듀파,2024-12-07,True,False
161,오후 3:41,88,크루세이더,,듀파,2024-12-07,True,False
162,오후 3:41,,레인저,2400,듀파,2024-12-07,True,False
162,오후 3:41,110,크루세이더,3300,듀파,2024-12-07,True,True
162,오후 3:41,102,용기사,,듀파,2024-12-07,True,False
162,오후 3:41,86,용기사,,듀파,2024-12-07,True,False
162,오후 3:41,86,프리스트,,듀파,2024-12-07,True,False
164,오후 3:41,,프리스트,,불어전,2024-12-07,True,False
164,오후 3:41,143,프리스트,,불어전,2024-12-07,True,False
164,오후 3:41,143,프리스트,,불어전,2024-12-07,True,False
164,오후 3:41,143,프리스트,,불어전,2024-12-07,True,False
167,오후 3:41,,썬콜,,불어전,2024-12-07,True,False
167,오후 3:41,,프리스트,,불어전,2024-12-07,True,False
167,오후 3:41,,프리스트,,불어전,2024-12-07,True,False
168,오후 3:41,,용기사,,듀파,2024-12-07,True,False
168,오후 3:41,,허밋,,듀파,2024-12-07,True,False
168,오후 3:41,,용기사,,듀파,2024-12-07,True,False
169,오후 3:41,,레인저,2950,오징어,2024-12-07,True,False
169,오후 3:41,132,크루세이더,3696,오징어,2024-12-07,True,True
169,오후 3:41,132,허밋,2096,오징어,2024-12-07,True,True
169,오후 3:41,117,허밋,2300,오징어,2024-12-07,True,True
169,오후 3:41,127,프리스트,,오징어,2024-12-07,True,False
173,오후 3:41,,크루세이더,4450,망둥어,2024-12-07,True,False
173,오후 3:41,142,레인저,3400,망둥어,2024-12-07,True,True
174,오후 3:41,,프리스트,,검켄,2024-12-07,True,False
174,오후 3:41,,프리스트,,검켄,2024-12-07,True,False
174,오후 3:41,,프리스트,,검켄,2024-12-07,True,False
174,오후 3:41,108,프리스트,,검켄,2024-12-07,True,False
175,오후 3:41,,썬콜,795,불어전,2024-12-07,True,False
175,오후 3:41,,썬콜,795,불어전,2024-12-07,True,False
175,오후 3:41,,썬콜,795,불어전,2024-12-07,True,False
175,오후 3:41,,썬콜,795,불어전,2024-12-07,True,False
175,오후 3:41,,썬콜,795,불어전,2024-12-07,True,False
176,오후 3:41,,레인저,,듀파,2024-12-07,True,False
176,오후 3:41,104,용기사,,듀파,2024-12-07,True,False
176,오후 3:41,96,크루세이더,,듀파,2024-12-07,True,False
176,오후 3:41,98,나이트,,듀파,2024-12-07,True,False
176,오후 3:41,105,프리스트,,듀파,2024-12-07,True,False
178,오후 3:41,,허밋,,푸켄,2024-12-07,True,False
178,오후 3:41,,허밋,,푸켄,2024-12-07,True,False
179,오후 3:41,,허밋,,갈림길,2024-12-07,True,False
179,오후 3:41,,썬콜,,갈림길,2024-12-07,True,False
179,오후 3:41,,프리스트,,갈림길,2024-12-07,True,False
180,오후 3:41,,크루세이더,3900,오징어,2024-12-07,True,False
180,오후 3:41,122,레인저,2450,오징어,2024-12-07,True,True
180,오후 3:41,117,허밋,2164,오징어,2024-12-07,True,True
180,오후 3:41,116,레인저,2322,오징어,2024-12-07,True,True
180,오후 3:41,103,허밋,,오징어,2024-12-07,True,False
181,오후 3:41,,프리스트,640,불어전,2024-12-07,True,False
181,오후 3:41,106,용기사,,불어전,2024-12-07,True,False
186,오후 3:42,,썬콜,,불어전,2024-12-07,True,False
186,오후 3:42,,프리스트,,불어전,2024-12-07,True,False
186,오후 3:42,,허밋,,불어전,2024-12-07,True,False
186,오후 3:42,,썬콜,,불어전,2024-12-07,True,False
186,오후 3:42,,프리스트,,불어전,2024-12-07,True,False
187,오후 3:42,,레인저,2950,오징어,2024-12-07,True,False
187,오후 3:42,132,크루세이더,3696,오징어,2024-12-07,True,True
187,오후 3:42,132,허밋,2096,오징어,2024-12-07,True,True
187,오후 3:42,117,허밋,2300,오징어,2024-12-07,True,True
187,오후 3:42,127,프리스트,,오징어,2024-12-07,True,False
194,오후 8:14,,허밋,2110,푸켄,2024-12-07,True,False
194,오후 8:14,,허밋,2110,푸켄,2024-12-07,True,False
194,오후 8:14,,프리스트,,푸켄,2024-12-07,True,False
195,오후 8:14,,허밋,,와협,2024-12-07,True,False
195,오후 8:14,,레인저,,와협,2024-12-07,True,False
195,오후 8:14,,레인저,,와협,2024-12-07,True,False
196,오후 8:14,,레인저,,듀파,2024-12-07,True,False
196,오후 8:14,101,크루세이더,,듀파,2024-12-07,True,False
196,오후 8:14,101,용기사,,듀파,2024-12-07,True,False
196,오후 8:14,91,프리스트,,듀파,2024-12-07,True,False
201,오후 8:14,,저격수,,와협,2024-12-07,True,False
201,오후 8:14,,저격수,,와협,2024-12-07,True,False
201,오후 8:14,,저격수,,와협,2024-12-07,True,False
201,오후 8:14,,프리스트,,와협,2024-12-07,True,False
206,오후 8:15,,허밋,,망용둥,2024-12-07,True,False
206,오후 8:15,157,레인저,,망용둥,2024-12-07,True,False
206,오후 8:15,149,썬콜,,망용둥,2024-12-07,True,False
206,오후 8:15,153,용기사,,망용둥,2024-12-07,True,False
207,오후 8:15,,시프,3850,오징어,2024-12-07,True,False
207,오후 8:15,,크루세이더,3850,오징어,2024-12-07,True,False
207,오후 8:15,124,레인저,2400,오징어,2024-12-07,True,True
207,오후 8:15,111,크루세이더,3270,오징어,2024-12-07,True,True
207,오후 8:15,116,레인저,2530,오징어,2024-12-07,True,True
207,오후 8:15,111,프리스트,,오징어,2024-12-07,True,False
208,오후 8:15,,용기사,,와협,2024-12-07,True,False
208,오후 8:15,,레인저,,와협,2024-12-07,True,False
208,오후 8:15,,레인저,,와협,2024-12-07,True,False
208,오후 8:15,,프리스트,,와협,2024-12-07,True,False
213,오후 8:15,,레인저,,레와둥,2024-12-07,True,False
213,오후 8:15,,나이트,,레와둥,2024-12-07,True,False
213,오후 8:15,124,썬콜,,레와둥,2024-12-07,True,False
215,오후 8:15,,프리스트,,검켄,2024-12-07,True,False
215,오후 8:15,,프리스트,,검켄,2024-12-07,True,False
215,오후 8:15,,레인저,,검켄,2024-12-07,True,False
215,오후 8:15,116,프리스트,,검켄,2024-12-07,True,False
216,오후 8:15,,크루세이더,,망둥어,2024-12-07,True,False
216,오후 8:15,117,프리스트,,망둥어,2024-12-07,True,False
217,오후 8:15,,저격수,3000,망둥어,2024-12-07,True,False
217,오후 8:15,112,용기사,4700,망둥어,2024-12-07,True,True
218,오후 8:15,,저격수,,와협,2024-12-07,True,False
218,오후 8:15,,저격수,,와협,2024-12-07,True,False
218,오후 8:15,,저격수,,와협,2024-12-07,True,False
218,오후 8:15,,프리스트,,와협,2024-12-07,True,False
219,오후 8:15,,크루세이더,,망용둥,2024-12-07,True,False
219,오후 8:15,,썬콜,,망용둥,2024-12-07,True,False
219,오후 8:15,,허밋,,망용둥,2024-12-07,True,False
219,오후 8:15,,허밋,,망용둥,2024-12-07,True,False
220,오후 8:15,,허밋,1800,푸켄,2024-12-07,True,False
220,오후 8:15,105,허밋,2150,푸켄,2024-12-07,True,True
221,오후 8:15,,허밋,,붉켄,2024-12-07,True,False
221,오후 8:15,,썬콜,,붉켄,2024-12-07,True,False
221,오후 8:15,,썬콜,,붉켄,2024-12-07,True,False
221,오후 8:15,,프리스트,,붉켄,2024-12-07,True,False
226,오후 8:15,,저격수,,붉켄,2024-12-07,True,False
226,오후 8:15,98,프리스트,,붉켄,2024-12-07,True,False
227,오후 8:15,,허밋,,갈림길,2024-12-07,True,False
227,오후 8:15,,크루세이더,,갈림길,2024-12-07,True,False
227,오후 8:15,135,프리스트,,갈림길,2024-12-07,True,False
228,오후 8:15,,용기사,4500,망용둥,2024-12-07,True,False
228,오후 8:15,,용기사,4500,망용둥,2024-12-07,True,False
228,오후 8:15,,용기사,4500,망용둥,2024-12-07,True,False
228,오후 8:15,,용기사,4500,망용둥,2024-12-07,True,False
228,오후 8:15,,용기사,4500,망용둥,2024-12-07,True,False
229,오후 8:15,,프리스트,,불어전,2024-12-07,True,False
229,오후 8:15,,프리스트,,불어전,2024-12-07,True,False
229,오후 8:15,,프리스트,,불어전,2024-12-07,True,False
229,오후 8:15,,프리스트,,불어전,2024-12-07,True,False
229,오후 8:15,,프리스트,,불어전,2024-12-07,True,False
229,오후 8:15,,프리스트,,불어전,2024-12-07,True,False
229,오후 8:15,,프리스트,,불어전,2024-12-07,True,False
229,오후 8:15,,프리스트,,불어전,2024-12-07,True,False
229,오후 8:15,,프리스트,,불어전,2024-12-07,True,False
231,오후 8:15,,레인저,,듀파,2024-12-07,True,False
231,오후 8:15,101,크루세이더,,듀파,2024-12-07,True,False
231,오후 8:15,101,나이트,,듀파,2024-12-07,True,False
231,오후 8:15,87,용기사,,듀파,2024-12-07,True,False
231,오후 8:15,91,프리스트,,듀파,2024-12-07,True,False
237,오후 8:16,,저격수,,듀파,2024-12-07,True,False
237,오후 8:16,111,크루세이더,,듀파,2024-12-07,True,False
237,오후 8:16,111,크루세이더,,듀파,2024-12-07,True,False
237,오후 8:16,120,프리스트,,듀파,2024-12-07,True,False
241,오후 8:16,,나이트,,협동,2024-12-07,True,False
241,오후 8:16,,불독,,협동,2024-12-07,True,False
247,오후 8:16,,레인저,,듀파,2024-12-07,True,False
247,오후 8:16,122,용기사,,듀파,2024-12-07,True,False
247,오후 8:16,118,나이트,,듀파,2024-12-07,True,False
247,오후 8:16,88,크루세이더,,듀파,2024-12-07,True,False
248,오후 8:16,,레인저,,와협,2024-12-07,True,False
248,오후 8:16,,레인저,,와협,2024-12-07,True,False
249,오후 8:16,,레인저,,듀파,2024-12-07,True,False
249,오후 8:16,122,용기사,,듀파,2024-12-07,True,False
249,오후 8:16,118,나이트,,듀파,2024-12-07,True,False
249,오후 8:16,88,크루세이더,,듀파,2024-12-07,True,False
251,오후 8:16,,허밋,,망용둥,2024-12-07,True,False
251,오후 8:16,157,레인저,,망용둥,2024-12-07,True,False
251,오후 8:16,149,썬콜,,망용둥,2024-12-07,True,False
251,오후 8:16,154,용기사,,망용둥,2024-12-07,True,False
253,오후 8:16,,용기사,,골짜기,2024-12-07,True,False
253,오후 8:16,128,허밋,,골짜기,2024-12-07,True,False
254,오후 8:16,,크루세이더,4600,망둥어,2024-12-07,True,False
254,오후 8:16,140,허밋,2587,망둥어,2024-12-07,True,True
254,오후 8:16,133,프리스트,,망둥어,2024-12-07,True,False
255,오후 8:16,,레인저,,듀파,2024-12-07,True,False
255,오후 8:16,,크루세이더,,듀파,2024-12-07,True,False
255,오후 8:16,,나이트,,듀파,2024-12-07,True,False
255,오후 8:16,,프리스트,,듀파,2024-12-07,True,False
261,오후 8:17,,나이트,,협동,2024-12-07,True,False
261,오후 8:17,,불독,,협동,2024-12-07,True,False
262,오후 8:17,,저격수,,듀파,2024-12-07,True,False
262,오후 8:17,111,크루세이더,,듀파,2024-12-07,True,False
262,오후 8:17,111,크루세이더,,듀파,2024-12-07,True,False
262,오후 8:17,120,프리스트,,듀파,2024-12-07,True,False
263,오후 8:17,,허밋,,와협,2024-12-07,True,False
263,오후 8:17,,레인저,,와협,2024-12-07,True,False
263,오후 8:17,,레인저,,와협,2024-12-07,True,False
267,오후 8:17,,썬콜,,망용둥,2024-12-07,True,False
267,오후 8:17,,썬콜,,망용둥,2024-12-07,True,False
267,오후 8:17,,썬콜,,망용둥,2024-12-07,True,False
269,오후 8:17,,나이트,,레와둥,2024-12-07,True,False
269,오후 8:17,116,썬콜,,레와둥,2024-12-07,True,False
269,오후 8:17,121,시프,,레와둥,2024-12-07,True,False
269,오후 8:17,121,프리스트,,레와둥,2024-12-07,True,False
272,오후 8:17,,프리스트,,불어전,2024-12-07,True,False
272,오후 8:17,,프리스트,,불어전,2024-12-07,True,False
272,오후 8:17,,프리스트,,불어전,2024-12-07,True,False
272,오후 8:17,,프리스트,,불어전,2024-12-07,True,False
275,오후 8:17,,프리스트,810,불어전,2024-12-07,True,False
275,오후 8:17,134,프리스트,810,불어전,2024-12-07,True,True
275,오후 8:17,134,프리스트,810,불어전,2024-12-07,True,True
275,오후 8:17,134,프리스트,810,불어전,2024-12-07,True,True
275,오후 8:17,134,프리스트,810,불어전,2024-12-07,True,True
275,오후 8:17,134,프리스트,810,불어전,2024-12-07,True,True
276,오후 8:17,,레인저,,듀파,2024-12-07,True,False
276,오후 8:17,122,용기사,,듀파,2024-12-07,True,False
276,오후 8:17,118,나이트,,듀파,2024-12-07,True,False
276,오후 8:17,88,크루세이더,,듀파,2024-12-07,True,False
277,오후 8:17,,허밋,,망용둥,2024-12-07,True,False
277,오후 8:17,,허밋,,망용둥,2024-12-07,True,False
280,오후 8:17,,크루세이더,4600,망둥어,2024-12-07,True,False
280,오후 8:17,140,허밋,2587,망둥어,2024-12-07,True,True
280,오후 8:17,133,프리스트,,망둥어,2024-12-07,True,False
281,오후 8:17,,허밋,,망용둥,2024-12-07,True,False
281,오후 8:17,,썬콜,,망용둥,2024-12-07,True,False
281,오후 8:17,,허밋,,망용둥,2024-12-07,True,False
281,오후 8:17,,허밋,,망용둥,2024-12-07,True,False
290,오후 8:18,,용기사,,골짜기,2024-12-07,True,False
290,오후 8:18,107,용기사,,골짜기,2024-12-07,True,False
290,오후 8:18,107,썬콜,,골짜기,2024-12-07,True,False
291,오후 8:18,,나이트,,와협,2024-12-07,True,False
291,오후 8:18,130,저격수,,와협,2024-12-07,True,False
291,오후 8:18,130,레인저,,와협,2024-12-07,True,False
293,오후 8:18,,프리스트,,불어전,2024-12-07,True,False
293,오후 8:18,,허밋,,불어전,2024-12-07,True,False
293,오후 8:18,,프리스트,,불어전,2024-12-07,True,False
294,오후 8:18,,레인저,,와협,2024-12-07,True,False
294,오후 8:18,,레인저,,와협,2024-12-07,True,False
296,오후 8:18,,레인저,,와협,2024-12-07,True,False
296,오후 8:18,,레인저,,와협,2024-12-07,True,False
296,오후 8:18,,저격수,,와협,2024-12-07,True,False
296,오후 8:18,,프리스트,,와협,2024-12-07,True,False
298,오후 8:18,,크루세이더,,망둥어,2024-12-07,True,False
298,오후 8:18,,크루세이더,,망둥어,2024-12-07,True,False
298,오후 8:18,137,프리스트,,망둥어,2024-12-07,True,False
300,오후 8:18,,레인저,2500,와협,2024-12-07,True,False
300,오후 8:18,140,저격수,2500,와협,2024-12-07,True,False
300,오후 8:18,140,프리스트,,와협,2024-12-07,True,False
302,오후 8:18,,저격수,,붉켄,2024-12-07,True,False
302,오후 8:18,102,저격수,,붉켄,2024-12-07,True,False
302,오후 8:18,90,프리스트,,붉켄,2024-12-07,True,False
303,오후 8:18,,레인저,,듀파,2024-12-07,True,False
303,오후 8:18,101,크루세이더,,듀파,2024-12-07,True,False
303,오후 8:18,101,나이트,,듀파,2024-12-07,True,False
303,오후 8:18,87,용기사,,듀파,2024-12-07,True,False
303,오후 8:18,91,프리스트,552,듀파,2024-12-07,True,True
306,오후 8:18,,썬콜,,불어전,2024-12-07,True,False
306,오후 8:18,100,썬콜,,불어전,2024-12-07,True,False
306,오후 8:18,100,썬콜,,불어전,2024-12-07,True,False
309,오후 8:18,,레인저,,와협,2024-12-07,True,False
309,오후 8:18,,레인저,,와협,2024-12-07,True,False
309,오후 8:18,,저격수,,와협,2024-12-07,True,False
309,오후 8:18,,프리스트,,와협,2024-12-07,True,False
310,오후 8:18,,레인저,,망둥어,2024-12-07,True,False
310,오후 8:18,,허밋,,망둥어,2024-12-07,True,False
314,오후 8:19,,썬콜,,갈림길,2024-12-07,True,False
314,오후 8:19,,허밋,,갈림길,2024-12-07,True,False
316,오후 8:19,144,썬콜,,망용둥,2024-12-07,True,False
316,오후 8:19,144,허밋,,망용둥,2024-12-07,True,False
316,오후 8:19,144,허밋,,망용둥,2024-12-07,True,False
319,오후 8:19,,나이트,,협동,2024-12-07,True,False
319,오후 8:19,,불독,,협동,2024-12-07,True,False
321,오후 8:19,,크루세이더,4600,망둥어,2024-12-07,True,False
321,오후 8:19,140,허밋,2587,망둥어,2024-12-07,True,True
321,오후 8:19,133,프리스트,,망둥어,2024-12-07,True,False
326,오후 8:19,,나이트,,레와둥,2024-12-07,True,False
326,오후 8:19,,썬콜,,레와둥,2024-12-07,True,False
326,오후 8:19,,크루세이더,,레와둥,2024-12-07,True,False
334,오후 8:20,,레인저,,와협,2024-12-07,True,False
334,오후 8:20,,레인저,,와협,2024-12-07,True,False
334,오후 8:20,,저격수,,와협,2024-12-07,True,False
334,오후 8:20,,프리스트,,와협,2024-12-07,True,False
336,오후 8:20,,불독,,와협,2024-12-07,True,False
336,오후 8:20,,용기사,,와협,2024-12-07,True,False
336,오후 8:20,,레인저,,와협,2024-12-07,True,False
336,오후 8:20,,레인저,,와협,2024-12-07,True,False
336,오후 8:20,,프리스트,,와협,2024-12-07,True,False
337,오후 8:20,,프리스트,,검켄,2024-12-07,True,False
337,오후 8:20,,프리스트,,검켄,2024-12-07,True,False
337,오후 8:20,,프리스트,,검켄,2024-12-07,True,False
337,오후 8:20,,프리스트,,검켄,2024-12-07,True,False
338,오후 8:20,,크루세이더,,불어전,2024-12-07,True,False
338,오후 8:20,,프리스트,,불어전,2024-12-07,True,False
338,오후 8:20,106,썬콜,,불어전,2024-12-07,True,False
338,오후 8:20,106,저격수,,불어전,2024-12-07,True,False
338,오후 8:20,136,허밋,,불어전,2024-12-07,True,False
339,오후 8:20,,썬콜,,망용둥,2024-12-07,True,False
339,오후 8:20,,허밋,,망용둥,2024-12-07,True,False
339,오후 8:20,,허밋,,망용둥,2024-12-07,True,False
342,오후 10:52,,허밋,,붉켄,2024-12-07,True,False
342,오후 10:52,89,레인저,,붉켄,2024-12-07,True,False
342,오후 10:52,92,프리스트,,붉켄,2024-12-07,True,False
342,오후 10:52,92,썬콜,,붉켄,2024-12-07,True,False
343,오후 10:52,,썬콜,,불어전,2024-12-07,True,False
343,오후 10:52,123,썬콜,,불어전,2024-12-07,True,False
343,오후 10:52,123,썬콜,,불어전,2024-12-07,True,False
343,오후 10:52,123,썬콜,,불어전,2024-12-07,True,False
343,오후 10:52,123,썬콜,,불어전,2024-12-07,True,False
343,오후 10:52,123,썬콜,,불어전,2024-12-07,True,False
343,오후 10:52,123,썬콜,,불어전,2024-12-07,True,False
343,오후 10:52,123,썬콜,,불어전,2024-12-07,True,False
343,오후 10:52,123,썬콜,,불어전,2024-12-07,True,False
343,오후 10:52,123,썬콜,,불어전,2024-12-07,True,False
343,오후 10:52,123,썬콜,,불어전,2024-12-07,True,False
346,오후 10:52,99,허밋,,물어전,2024-12-07,True,False
346,오후 10:52,99,프리스트,,물어전,2024-12-07,True,False
348,오후 10:52,,레인저,,듀파,2024-12-07,True,False
348,오후 10:52,110,나이트,,듀파,2024-12-07,True,False
348,오후 10:52,102,용기사,,듀파,2024-12-07,True,False
348,오후 10:52,95,크루세이더,,듀파,2024-12-07,True,False
348,오후 10:52,122,프리스트,,듀파,2024-12-07,True,False
349,오후 10:52,,썬콜,,갈림길,2024-12-07,True,False
349,오후 10:52,108,허밋,,갈림길,2024-12-07,True,False
351,오후 10:52,,허밋,,검켄,2024-12-07,True,False
351,오후 10:52,,허밋,,검켄,2024-12-07,True,False
351,오후 10:52,,허밋,,검켄,2024-12-07,True,False
351,오후 10:52,,허밋,,검켄,2024-12-07,True,False
354,오후 10:52,,썬콜,,불어전,2024-12-07,True,False
354,오후 10:52,125,썬콜,,불어전,2024-12-07,True,False
354,오후 10:52,125,썬콜,,불어전,2024-12-07,True,False
354,오후 10:52,125,썬콜,,불어전,2024-12-07,True,False
354,오후 10:52,125,썬콜,,불어전,2024-12-07,True,False
356,오후 10:52,,레인저,,오징어,2024-12-07,True,False
356,오후 10:52,,허밋,,오징어,2024-12-07,True,False
356,오후 10:52,,레인저,,오징어,2024-12-07,True,False
356,오후 10:52,,허밋,,오징어,2024-12-07,True,False
356,오후 10:52,,프리스트,,오징어,2024-12-07,True,False
362,오후 10:52,,프리스트,815,불어전,2024-12-07,True,False
362,오후 10:52,133,프리스트,815,불어전,2024-12-07,True,True
362,오후 10:52,133,프리스트,815,불어전,2024-12-07,True,True
362,오후 10:52,133,프리스트,815,불어전,2024-12-07,True,True
362,오후 10:52,133,프리스트,815,불어전,2024-12-07,True,True
362,오후 10:52,133,프리스트,815,불어전,2024-12-07,True,True
362,오후 10:52,133,프리스트,815,불어전,2024-12-07,True,True
364,오후 10:52,,허밋,,망둥어,2024-12-07,True,False
364,오후 10:52,139,용기사,,망둥어,2024-12-07,True,False
366,오후 10:52,,레인저,2175,듀파,2024-12-07,True,False
366,오후 10:52,84,시프,2175,듀파,2024-12-07,True,True
366,오후 10:52,84,저격수,2175,듀파,2024-12-07,True,True
366,오후 10:52,91,레인저,2450,듀파,2024-12-07,True,False
366,오후 10:52,112,용기사,3450,듀파,2024-12-07,True,True
366,오후 10:52,98,크루세이더,2900,듀파,2024-12-07,True,True
366,오후 10:52,90,크루세이더,3500,듀파,2024-12-07,True,False
366,오후 10:52,104,허밋,1600,듀파,2024-12-07,True,True
366,오후 10:52,92,크루세이더,3027,듀파,2024-12-07,True,True
366,오후 10:52,97,크루세이더,3140,듀파,2024-12-07,True,True
366,오후 10:52,96,용기사,3300,듀파,2024-12-07,True,True
366,오후 10:52,92,크루세이더,3400,듀파,2024-12-07,True,False
367,오후 10:53,,프리스트,,불어전,2024-12-07,True,False
367,오후 10:53,,프리스트,,불어전,2024-12-07,True,False
367,오후 10:53,,프리스트,,불어전,2024-12-07,True,False
367,오후 10:53,,프리스트,,불어전,2024-12-07,True,False
367,오후 10:53,,프리스트,,불어전,2024-12-07,True,False
368,오후 10:53,,프리스트,,검켄,2024-12-07,True,False
368,오후 10:53,128,프리스트,,검켄,2024-12-07,True,False
368,오후 10:53,128,프리스트,,검켄,2024-12-07,True,False
368,오후 10:53,128,프리스트,,검켄,2024-12-07,True,False
370,오후 10:53,83,크루세이더,,망둥어,2024-12-07,True,False
370,오후 10:53,117,크루세이더,,망둥어,2024-12-07,True,False
370,오후 10:53,134,프리스트,,망둥어,2024-12-07,True,False
372,오후 10:53,,허밋,,망둥어,2024-12-07,True,False
372,오후 10:53,139,용기사,,망둥어,2024-12-07,True,False
372,오후 10:53,135,프리스트,,망둥어,2024-12-07,True,False
373,오후 10:53,,시프,,오징어,2024-12-07,True,False
373,오후 10:53,,허밋,,오징어,2024-12-07,True,False
373,오후 10:53,,레인저,,오징어,2024-12-07,True,False
373,오후 10:53,,프리스트,,오징어,2024-12-07,True,False
378,오후 10:53,,레인저,,와협,2024-12-07,True,False
378,오후 10:53,,썬콜,,와협,2024-12-07,True,False
378,오후 10:53,,레인저,,와협,2024-12-07,True,False
378,오후 10:53,118,프리스트,,와협,2024-12-07,True,False
379,오후 10:53,,레인저,,레와둥,2024-12-07,True,False
379,오후 10:53,,시프,,레와둥,2024-12-07,True,False
379,오후 10:53,,썬콜,,레와둥,2024-12-07,True,False
379,오후 10:53,,썬콜,,레와둥,2024-12-07,True,False
380,오후 10:53,,레인저,,붉켄,2024-12-07,True,False
380,오후 10:53,,레인저,,붉켄,2024-12-07,True,False
380,오후 10:53,104,썬콜,,붉켄,2024-12-07,True,False
380,오후 10:53,104,썬콜,,붉켄,2024-12-07,True,False
380,오후 10:53,104,레인저,,붉켄,2024-12-07,True,False
380,오후 10:53,104,레인저,,붉켄,2024-12-07,True,False
380,오후 10:53,104,썬콜,,붉켄,2024-12-07,True,False
380,오후 10:53,104,썬콜,,붉켄,2024-12-07,True,False
381,오후 10:53,,불독,,와협,2024-12-07,True,False
381,오후 10:53,153,용기사,,와협,2024-12-07,True,False
381,오후 10:53,153,레인저,,와협,2024-12-07,True,False
381,오후 10:53,153,레인저,,와협,2024-12-07,True,False
381,오후 10:53,153,프리스트,,와협,2024-12-07,True,False
382,오후 10:53,,레인저,2550,와협,2024-12-07,True,False
382,오후 10:53,,허밋,2550,와협,2024-12-07,True,False
382,오후 10:53,,프리스트,,와협,2024-12-07,True,False
384,오후 10:53,,저격수,3159,망둥어,2024-12-07,True,False
384,오후 10:53,133,허밋,2553,망둥어,2024-12-07,True,True
384,오후 10:53,140,용기사,4168,망둥어,2024-12-07,True,True
385,오후 10:53,,용기사,,불어전,2024-12-07,True,False
385,오후 10:53,,프리스트,,불어전,2024-12-07,True,False
386,오후 10:53,,시프,2400,망둥어,2024-12-07,True,False
386,오후 10:53,124,레인저,2400,망둥어,2024-12-07,True,True
386,오후 10:53,114,용기사,4000,망둥어,2024-12-07,True,True
389,오후 10:53,,레인저,2500,오징어,2024-12-07,True,False
389,오후 10:53,113,크루세이더,2150,오징어,2024-12-07,True,False
389,오후 10:53,116,레인저,2150,오징어,2024-12-07,True,True
389,오후 10:53,117,허밋,2150,오징어,2024-12-07,True,True
389,오후 10:53,120,프리스트,,오징어,2024-12-07,True,False
390,오후 10:53,,허밋,,붉켄,2024-12-07,True,False
390,오후 10:53,110,썬콜,,붉켄,2024-12-07,True,False
390,오후 10:53,116,프리스트,,붉켄,2024-12-07,True,False
391,오후 10:53,,허밋,,불어전,2024-12-07,True,False
391,오후 10:53,,프리스트,,불어전,2024-12-07,True,False
391,오후 10:53,,프리스트,,불어전,2024-12-07,True,False
391,오후 10:53,,레인저,,불어전,2024-12-07,True,False
395,오후 10:53,,크루세이더,4105,망둥어,2024-12-07,True,False
395,오후 10:53,86,크루세이더,4150,망둥어,2024-12-07,True,False
398,오후 10:53,,불독,,와협,2024-12-07,True,False
398,오후 10:53,,용기사,,와협,2024-12-07,True,False
398,오후 10:53,,레인저,,와협,2024-12-07,True,False
398,오후 10:53,,레인저,,와협,2024-12-07,True,False
398,오후 10:53,,프리스트,,와협,2024-12-07,True,False
402,오후 10:54,110,용기사,3850,듀파,2024-12-07,True,True
402,오후 10:54,110,용기사,3850,듀파,2024-12-07,True,True
402,오후 10:54,110,용기사,3850,듀파,2024-12-07,True,True
402,오후 10:54,110,용기사,3850,듀파,2024-12-07,True,True
402,오후 10:54,110,용기사,3850,듀파,2024-12-07,True,True
402,오후 10:54,110,용기사,3850,듀파,2024-12-07,True,True
402,오후 10:54,110,용기사,,듀파,2024-12-07,True,False
405,오후 10:54,,레인저,2400,듀파,2024-12-07,True,False
405,오후 10:54,110,용기사,4030,듀파,2024-12-07,True,True
405,오후 10:54,114,크루세이더,3312,듀파,2024-12-07,True,True
405,오후 10:54,100,프리스트,,듀파,2024-12-07,True,False
409,오후 10:54,,썬콜,,골짜기,2024-12-07,True,False
409,오후 10:54,97,크루세이더,,골짜기,2024-12-07,True,False
409,오후 10:54,106,허밋,,골짜기,2024-12-07,True,False
412,오후 10:54,,크루세이더,,검켄,2024-12-07,True,False
412,오후 10:54,112,크루세이더,,검켄,2024-12-07,True,False
412,오후 10:54,112,크루세이더,,검켄,2024-12-07,True,False
412,오후 10:54,112,크루세이더,,검켄,2024-12-07,True,False
412,오후 10:54,112,크루세이더,,검켄,2024-12-07,True,False
416,오후 10:54,,레인저,,와협,2024-12-07,True,False
416,오후 10:54,,썬콜,,와협,2024-12-07,True,False
416,오후 10:54,,레인저,,와협,2024-12-07,True,False
416,오후 10:54,118,프리스트,,와협,2024-12-07,True,False
417,오후 10:54,,크루세이더,4312,망둥어,2024-12-07,True,False
417,오후 10:54,139,허밋,2530,망둥어,2024-12-07,True,True
417,오후 10:54,133,용기사,4640,망둥어,2024-12-07,True,True
419,오후 10:54,,프리스트,,와협,2024-12-07,True,False
419,오후 10:54,,프리스트,,와협,2024-12-07,True,False
419,오후 10:54,,프리스트,,와협,2024-12-07,True,False
420,오후 10:54,,레인저,,와협,2024-12-07,True,False
420,오후 10:54,,썬콜,,와협,2024-12-07,True,False
420,오후 10:54,,레인저,,와협,2024-12-07,True,False
420,오후 10:54,,레인저,,와협,2024-12-07,True,False
420,오후 10:54,120,프리스트,,와협,2024-12-07,True,False
427,오후 10:54,,레인저,,갈림길,2024-12-07,True,False
427,오후 10:54,131,프리스트,,갈림길,2024-12-07,True,False
427,오후 10:54,94,레인저,,갈림길,2024-12-07,True,False
427,오후 10:54,131,프리스트,,갈림길,2024-12-07,True,False
432,오후 10:54,,레인저,,오징어,2024-12-07,True,False
432,오후 10:54,,허밋,,오징어,2024-12-07,True,False
432,오후 10:54,,레인저,,오징어,2024-12-07,True,False
432,오후 10:54,,허밋,,오징어,2024-12-07,True,False
432,오후 10:54,,프리스트,,오징어,2024-12-07,True,False
435,오후 10:55,130,허밋,,오징어,2024-12-07,True,False
435,오후 10:55,109,허밋,,오징어,2024-12-07,True,False
437,오후 10:55,,썬콜,,골짜기,2024-12-07,True,False
437,오후 10:55,98,크루세이더,,골짜기,2024-12-07,True,False
437,오후 10:55,106,허밋,,골짜기,2024-12-07,True,False
437,오후 10:55,100,프리스트,,골짜기,2024-12-07,True,False
444,오후 10:55,,프리스트,,듀파,2024-12-07,True,False
444,오후 10:55,87,저격수,2600,듀파,2024-12-07,True,False
444,오후 10:55,87,용기사,3600,듀파,2024-12-07,True,True
444,오후 10:55,103,레인저,4205,듀파,2024-12-07,True,False
444,오후 10:55,103,용기사,4205,듀파,2024-12-07,True,True
450,오후 10:55,,크루세이더,,불어전,2024-12-07,True,False
450,오후 10:55,,프리스트,,불어전,2024-12-07,True,False
453,오후 10:56,,용기사,,오징어,2024-12-07,True,False
453,오후 10:56,,레인저,,오징어,2024-12-07,True,False
454,오후 10:56,,불독,,와협,2024-12-07,True,False
454,오후 10:56,,용기사,,와협,2024-12-07,True,False
454,오후 10:56,,레인저,,와협,2024-12-07,True,False
454,오후 10:56,,레인저,,와협,2024-12-07,True,False
454,오후 10:56,,프리스트,,와협,2024-12-07,True,False
454,오후 10:56,,불독,,와협,2024-12-07,True,False
454,오후 10:56,,용기사,,와협,2024-12-07,True,False
454,오후 10:56,,레인저,,와협,2024-12-07,True,False
454,오후 10:56,,레인저,,와협,2024-12-07,True,False
454,오후 10:56,,프리스트,,와협,2024-12-07,True,False
455,오후 10:56,,레인저,2550,와협,2024-12-07,True,False
455,오후 10:56,,썬콜,,와협,2024-12-07,True,False
455,오후 10:56,118,허밋,2550,와협,2024-12-07,True,True
455,오후 10:56,118,프리스트,,와협,2024-12-07,True,False
458,오후 10:56,,나이트,,와협,2024-12-07,True,False
458,오후 10:56,,썬콜,,와협,2024-12-07,True,False
458,오후 10:56,,저격수,,와협,2024-12-07,True,False
458,오후 10:56,114,레인저,,와협,2024-12-07,True,False
458,오후 10:56,114,프리스트,,와협,2024-12-07,True,False
463,오후 10:56,,허밋,,위용둥,2024-12-07,True,False
463,오후 10:56,109,허밋,,위용둥,2024-12-07,True,False
463,오후 10:56,109,허밋,,위용둥,2024-12-07,True,False
463,오후 10:56,137,허밋,,위용둥,2024-12-07,True,False
464,오후 10:56,,레인저,,듀파,2024-12-07,True,False
464,오후 10:56,114,크루세이더,,듀파,2024-12-07,True,False
464,오후 10:56,104,허밋,,듀파,2024-12-07,True,False
466,오후 10:56,,허밋,,위용둥,2024-12-07,True,False
466,오후 10:56,121,레인저,,위용둥,2024-12-07,True,False
468,오후 10:56,,레인저,,와협,2024-12-07,True,False
468,오후 10:56,,썬콜,,와협,2024-12-07,True,False
468,오후 10:56,,레인저,,와협,2024-12-07,True,False
468,오후 10:56,,레인저,,와협,2024-12-07,True,False
468,오후 10:56,120,프리스트,,와협,2024-12-07,True,False
470,오후 10:56,136,프리스트,836,검켄,2024-12-07,True,True
470,오후 10:56,136,프리스트,836,검켄,2024-12-07,True,True
470,오후 10:56,136,프리스트,,검켄,2024-12-07,True,False
472,오후 10:56,,레인저,,와협,2024-12-07,True,False
472,오후 10:56,,나이트,,와협,2024-12-07,True,False
472,오후 10:56,,불독,,와협,2024-12-07,True,False
472,오후 10:56,,레인저,,와협,2024-12-07,True,False
472,오후 10:56,,프리스트,,와협,2024-12-07,True,False
472,오후 10:56,,시프,,와협,2024-12-07,True,False
473,오후 10:56,,레인저,,와협,2024-12-07,True,False
473,오후 10:56,,썬콜,,와협,2024-12-07,True,False
473,오후 10:56,112,레인저,,와협,2024-12-07,True,False
473,오후 10:56,112,레인저,,와협,2024-12-07,True,False
473,오후 10:56,120,프리스트,,와협,2024-12-07,True,False
476,오후 10:57,,용기사,,망용둥,2024-12-07,True,False
476,오후 10:57,,용기사,,망용둥,2024-12-07,True,False
476,오후 10:57,,용기사,,망용둥,2024-12-07,True,False
477,오후 10:57,,레인저,2500,오징어,2024-12-07,True,False
477,오후 10:57,113,크루세이더,2150,오징어,2024-12-07,True,False
477,오후 10:57,116,레인저,2150,오징어,2024-12-07,True,True
477,오후 10:57,117,허밋,2150,오징어,2024-12-07,True,True
477,오후 10:57,120,프리스트,,오징어,2024-12-07,True,False
479,오후 10:57,,썬콜,,와협,2024-12-07,True,False
479,오후 10:57,109,레인저,,와협,2024-12-07,True,False
479,오후 10:57,109,프리스트,,와협,2024-12-07,True,False
480,오후 10:57,,저격수,,붉켄,2024-12-07,True,False
480,오후 10:57,,허밋,,붉켄,2024-12-07,True,False
480,오후 10:57,,저격수,,붉켄,2024-12-07,True,False
480,오후 10:57,,허밋,,붉켄,2024-12-07,True,False
480,오후 10:57,,저격수,,붉켄,2024-12-07,True,False
480,오후 10:57,,허밋,,붉켄,2024-12-07,True,False
480,오후 10:57,,저격수,,붉켄,2024-12-07,True,False
480,오후 10:57,,허밋,,붉켄,2024-12-07,True,False
480,오후 10:57,,저격수,,붉켄,2024-12-07,True,False
480,오후 10:57,,허밋,,붉켄,2024-12-07,True,False
483,오후 10:57,,허밋,,갈림길,2024-12-07,True,False
483,오후 10:57,105,허밋,,갈림길,2024-12-07,True,False
484,오후 10:57,,허밋,,위용둥,2024-12-07,True,False
484,오후 10:57,,프리스트,,위용둥,2024-12-07,True,False
484,오후 10:57,109,허밋,,위용둥,2024-12-07,True,False
484,오후 10:57,109,허밋,,위용둥,2024-12-07,True,False
484,오후 10:57,137,허밋,,위용둥,2024-12-07,True,False
490,오후 11:10,,썬콜,,불어전,2024-12-07,True,False
490,오후 11:10,149,프리스트,,불어전,2024-12-07,True,False
492,오후 11:10,,용기사,4900,오징어,2024-12-07,True,False
492,오후 11:10,133,레인저,2350,오징어,2024-12-07,True,False
492,오후 11:10,106,허밋,2100,오징어,2024-12-07,True,True
492,오후 11:10,106,허밋,2030,오징어,2024-12-07,True,True
494,오후 11:10,,썬콜,,불어전,2024-12-07,True,False
494,오후 11:10,,크루세이더,,불어전,2024-12-07,True,False
494,오후 11:10,,썬콜,,불어전,2024-12-07,True,False
494,오후 11:10,,프리스트,,불어전,2024-12-07,True,False
494,오후 11:10,,프리스트,,불어전,2024-12-07,True,False
496,오후 11:10,133,용기사,,망둥어,2024-12-07,True,False
496,오후 11:10,129,프리스트,,망둥어,2024-12-07,True,False
496,오후 11:10,129,시프,,망둥어,2024-12-07,True,False
497,오후 11:11,,허밋,,오징어,2024-12-07,True,False
497,오후 11:11,,레인저,,오징어,2024-12-07,True,False
497,오후 11:11,,허밋,,오징어,2024-12-07,True,False
497,오후 11:11,,프리스트,,오징어,2024-12-07,True,False
498,오후 11:11,,허밋,,위용둥,2024-12-07,True,False
498,오후 11:11,,허밋,,위용둥,2024-12-07,True,False
498,오후 11:11,,허밋,,위용둥,2024-12-07,True,False
498,오후 11:11,137,허밋,,위용둥,2024-12-07,True,False
498,오후 11:11,137,허밋,,위용둥,2024-12-07,True,False
499,오후 11:11,,썬콜,723,불어전,2024-12-07,True,False
499,오후 11:11,,프리스트,790,불어전,2024-12-07,True,False
499,오후 11:11,,썬콜,750,불어전,2024-12-07,True,False
499,오후 11:11,,프리스트,668,불어전,2024-12-07,True,False
499,오후 11:11,,프리스트,840,불어전,2024-12-07,True,False
501,오후 11:11,,프리스트,,망용둥,2024-12-07,True,False
501,오후 11:11,109,프리스트,,망용둥,2024-12-07,True,False
501,오후 11:11,109,프리스트,,망용둥,2024-12-07,True,False
501,오후 11:11,109,프리스트,,망용둥,2024-12-07,True,False
501,오후 11:11,109,프리스트,,망용둥,2024-12-07,True,False
502,오후 11:11,,허밋,,위용둥,2024-12-07,True,False
502,오후 11:11,,허밋,,위용둥,2024-12-07,True,False
502,오후 11:11,,허밋,,위용둥,2024-12-07,True,False
502,오후 11:11,137,허밋,,위용둥,2024-12-07,True,False
502,오후 11:11,137,허밋,,위용둥,2024-12-07,True,False
503,오후 11:11,,시프,,와협,2024-12-07,True,False
503,오후 11:11,,프리스트,,와협,2024-12-07,True,False
504,오후 11:11,,용기사,4900,오징어,2024-12-07,True,False
504,오후 11:11,133,레인저,2350,오징어,2024-12-07,True,False
504,오후 11:11,106,허밋,2100,오징어,2024-12-07,True,True
504,오후 11:11,106,허밋,2030,오징어,2024-12-07,True,True
505,오후 11:11,,허밋,,위용둥,2024-12-07,True,False
505,오후 11:11,,허밋,,위용둥,2024-12-07,True,False
505,오후 11:11,,허밋,,위용둥,2024-12-07,True,False
505,오후 11:11,137,허밋,,위용둥,2024-12-07,True,False
505,오후 11:11,137,허밋,,위용둥,2024-12-07,True,False
506,오후 11:11,,저격수,,와협,2024-12-07,True,False
506,오후 11:11,122,저격수,,와협,2024-12-07,True,False
506,오후 11:11,122,저격수,,와협,2024-12-07,True,False
509,오후 11:11,,시프,,망둥어,2024-12-07,True,False
509,오후 11:11,,레인저,,망둥어,2024-12-07,True,False
510,오후 11:11,,레인저,4250,와협,2024-12-07,True,False
510,오후 11:11,,나이트,4250,와협,2024-12-07,True,False
510,오후 11:11,138,썬콜,,와협,2024-12-07,True,False
510,오후 11:11,126,허밋,2550,와협,2024-12-07,True,True
510,오후 11:11,126,프리스트,,와협,2024-12-07,True,False
512,오후 11:11,,레인저,2600,듀파,2024-12-07,True,False
512,오후 11:11,119,레인저,2600,듀파,2024-12-07,True,True
512,오후 11:11,113,나이트,,듀파,2024-12-07,True,False
512,오후 11:11,90,용기사,,듀파,2024-12-07,True,False
512,오후 11:11,113,프리스트,,듀파,2024-12-07,True,False
514,오후 11:11,,크루세이더,,망둥어,2024-12-07,True,False
514,오후 11:11,,허밋,,망둥어,2024-12-07,True,False
514,오후 11:11,108,크루세이더,,망둥어,2024-12-07,True,False
520,오후 11:11,,시프,,와협,2024-12-07,True,False
520,오후 11:11,,썬콜,,와협,2024-12-07,True,False
520,오후 11:11,108,허밋,,와협,2024-12-07,True,False
520,오후 11:11,111,프리스트,,와협,2024-12-07,True,False
521,오후 11:11,,썬콜,,불어전,2024-12-07,True,False
521,오후 11:11,,크루세이더,,불어전,2024-12-07,True,False
521,오후 11:11,,썬콜,,불어전,2024-12-07,True,False
521,오후 11:11,,프리스트,,불어전,2024-12-07,True,False
521,오후 11:11,,프리스트,,불어전,2024-12-07,True,False
522,오후 11:11,,썬콜,,불어전,2024-12-07,True,False
522,오후 11:11,,프리스트,,불어전,2024-12-07,True,False
522,오후 11:11,,썬콜,,불어전,2024-12-07,True,False
522,오후 11:11,,프리스트,,불어전,2024-12-07,True,False
522,오후 11:11,,프리스트,,불어전,2024-12-07,True,False
523,오후 11:11,,썬콜,,불어전,2024-12-07,True,False
523,오후 11:11,,썬콜,,불어전,2024-12-07,True,False
523,오후 11:11,,썬콜,,불어전,2024-12-07,True,False
524,오후 11:11,,허밋,,망용둥,2024-12-07,True,False
524,오후 11:11,,썬콜,,망용둥,2024-12-07,True,False
524,오후 11:11,,허밋,,망용둥,2024-12-07,True,False
527,오후 11:12,,허밋,,푸켄,2024-12-07,True,False
527,오후 11:12,106,허밋,,푸켄,2024-12-07,True,False
527,오후 11:12,106,허밋,,푸켄,2024-12-07,True,False
528,오후 11:12,,시프,,불어전,2024-12-07,True,False
528,오후 11:12,,프리스트,813,불어전,2024-12-07,True,False
529,오후 11:12,,프리스트,,검켄,2024-12-07,True,False
529,오후 11:12,,프리스트,,검켄,2024-12-07,True,False
529,오후 11:12,,프리스트,,검켄,2024-12-07,True,False
529,오후 11:12,,프리스트,,검켄,2024-12-07,True,False
529,오후 11:12,,프리스트,,검켄,2024-12-07,True,False
529,오후 11:12,,프리스트,,검켄,2024-12-07,True,False
531,오후 11:12,,허밋,,위용둥,2024-12-07,True,False
531,오후 11:12,,허밋,,위용둥,2024-12-07,True,False
531,오후 11:12,,허밋,,위용둥,2024-12-07,True,False
531,오후 11:12,137,허밋,,위용둥,2024-12-07,True,False
531,오후 11:12,137,허밋,,위용둥,2024-12-07,True,False
533,오후 11:12,,썬콜,,와협,2024-12-07,True,False
533,오후 11:12,109,불독,,와협,2024-12-07,True,False
533,오후 11:12,123,레인저,,와협,2024-12-07,True,False
533,오후 11:12,123,레인저,,와협,2024-12-07,True,False
533,오후 11:12,123,프리스트,,와협,2024-12-07,True,False
536,오후 11:12,,시프,,망둥어,2024-12-07,True,False
536,오후 11:12,120,허밋,,망둥어,2024-12-07,True,False
536,오후 11:12,139,용기사,,망둥어,2024-12-07,True,False
539,오후 11:12,,시프,,망둥어,2024-12-07,True,False
539,오후 11:12,,허밋,,망둥어,2024-12-07,True,False
539,오후 11:12,139,용기사,,망둥어,2024-12-07,True,False
544,오후 11:12,,레인저,,오징어,2024-12-07,True,False
544,오후 11:12,,허밋,,오징어,2024-12-07,True,False
544,오후 11:12,,레인저,,오징어,2024-12-07,True,False
544,오후 11:12,,허밋,,오징어,2024-12-07,True,False
544,오후 11:12,,프리스트,,오징어,2024-12-07,True,False
545,오후 11:12,,레인저,2800,듀파,2024-12-07,True,False
545,오후 11:12,135,레인저,2800,듀파,2024-12-07,True,True
545,오후 11:12,135,레인저,2800,듀파,2024-12-07,True,True
545,오후 11:12,135,레인저,2800,듀파,2024-12-07,True,True
545,오후 11:12,135,레인저,2800,듀파,2024-12-07,True,True
545,오후 11:12,135,레인저,2800,듀파,2024-12-07,True,True
546,오후 11:13,,프리스트,,검켄,2024-12-07,True,False
546,오후 11:13,128,프리스트,,검켄,2024-12-07,True,False
546,오후 11:13,128,프리스트,,검켄,2024-12-07,True,False
546,오후 11:13,128,프리스트,,검켄,2024-12-07,True,False
552,오후 11:13,,용기사,,오징어,2024-12-07,True,False
552,오후 11:13,,레인저,,오징어,2024-12-07,True,False
552,오후 11:13,,레인저,,오징어,2024-12-07,True,False
552,오후 11:13,,허밋,,오징어,2024-12-07,True,False
552,오후 11:13,,프리스트,,오징어,2024-12-07,True,False
555,오후 11:13,,크루세이더,4000,망둥어,2024-12-07,True,False
555,오후 11:13,120,허밋,2383,망둥어,2024-12-07,True,True
556,오후 11:13,,레인저,4250,와협,2024-12-07,True,False
556,오후 11:13,,나이트,4250,와협,2024-12-07,True,False
556,오후 11:13,138,썬콜,,와협,2024-12-07,True,False
556,오후 11:13,126,허밋,2550,와협,2024-12-07,True,True
556,오후 11:13,126,프리스트,,와협,2024-12-07,True,False
558,오후 11:13,,허밋,,위용둥,2024-12-07,True,False
558,오후 11:13,,허밋,,위용둥,2024-12-07,True,False
558,오후 11:13,,프리스트,,위용둥,2024-12-07,True,False
561,오후 11:13,,시프,,와협,2024-12-07,True,False
561,오후 11:13,,프리스트,,와협,2024-12-07,True,False
563,오후 11:13,,허밋,,붉켄,2024-12-07,True,False
563,오후 11:13,84,허밋,,붉켄,2024-12-07,True,False
563,오후 11:13,93,프리스트,750,붉켄,2024-12-07,True,False
563,오후 11:13,84,썬콜,750,붉켄,2024-12-07,True,True
569,오후 11:13,,용기사,,골짜기,2024-12-07,True,False
569,오후 11:13,133,용기사,,골짜기,2024-12-07,True,False
569,오후 11:13,133,저격수,,골짜기,2024-12-07,True,False
569,오후 11:13,126,프리스트,,골짜기,2024-12-07,True,False
573,오후 11:13,,용기사,,오징어,2024-12-07,True,False
573,오후 11:13,,레인저,,오징어,2024-12-07,True,False
573,오후 11:13,,레인저,,오징어,2024-12-07,True,False
573,오후 11:13,,허밋,,오징어,2024-12-07,True,False
573,오후 11:13,,프리스트,,오징어,2024-12-07,True,False
583,오후 11:14,,시프,,와협,2024-12-07,True,False
583,오후 11:14,,썬콜,,와협,2024-12-07,True,False
583,오후 11:14,114,프리스트,,와협,2024-12-07,True,False
588,오후 11:14,,프리스트,,망용둥,2024-12-07,True,False
588,오후 11:14,106,프리스트,,망용둥,2024-12-07,True,False
588,오후 11:14,106,프리스트,,망용둥,2024-12-07,True,False
591,오후 11:14,,레인저,,레와둥,2024-12-07,True,False
591,오후 11:14,,썬콜,807,레와둥,2024-12-07,True,False
591,오후 11:14,100,시프,,레와둥,2024-12-07,True,False
592,오후 11:14,,크루세이더,,망둥어,2024-12-07,True,False
592,오후 11:14,,허밋,,망둥어,2024-12-07,True,False
592,오후 11:14,108,크루세이더,,망둥어,2024-12-07,True,False
594,오후 11:14,,저격수,,붉켄,2024-12-07,True,False
594,오후 11:14,,썬콜,,붉켄,2024-12-07,True,False
594,오후 11:14,,썬콜,,붉켄,2024-12-07,True,False
594,오후 11:14,,프리스트,,붉켄,2024-12-07,True,False
